"origin_city_name","total_flights","no_delay","dep_delay","arr_delay","cancelled","diverted","carrier_delay_count","weather_delay_count","nas_delay_count","security_delay_count","late_aircraft_delay_count","cancellation_code_a","cancellation_code_b","cancellation_code_c","cancellation_code_d"
"USA","6847899","3576019","2567189","2472530","87943","16552","787890","71999","660785","8148","711118","25336","47923","14472","212"
"Aberdeen, SD","725","560","113","115","14","0","41","18","1","2","0","0","14","0","0"
"Abilene, TX","1359","850","356","406","17","1","79","38","95","1","108","1","15","1","0"
"Adak Island, AK","104","64","30","26","8","0","4","1","10","6","8","2","6","0","0"
"Aguadilla, PR","2898","1177","1477","1425","63","6","455","62","432","4","777","34","20","9","0"
"Akron, OH","3305","2178","768","925","31","10","295","31","204","0","230","5","25","1","0"
"Albany, GA","814","618","136","164","2","2","36","14","40","0","32","0","2","0","0"
"Albany, NY","11891","6802","3682","3800","200","33","939","157","1250","12","1104","33","128","39","0"
"Albuquerque, NM","23521","12493","8973","8153","201","47","2272","142","1831","16","2650","63","119","19","0"
"Alexandria, LA","1808","1167","434","526","23","4","126","59","73","3","105","0","22","1","0"
"Allentown/Bethlehem/Easton, PA","4409","2836","1092","1261","25","16","349","74","286","8","261","6","12","7","0"
"Alpena, MI","451","311","112","110","13","2","50","26","4","0","0","0","13","0","0"
"Amarillo, TX","5280","3370","1336","1514","75","12","300","70","389","9","450","15","55","5","0"
"Anchorage, AK","17850","9689","5504","6489","202","47","1424","196","1925","14","1128","54","147","1","0"
"Appleton, WI","4916","2971","1317","1614","52","7","511","131","425","4","176","5","44","3","0"
"Arcata/Eureka, CA","1665","959","434","610","35","5","135","31","51","0","118","0","35","0","0"
"Asheville, NC","11211","6119","3976","4049","126","29","1139","172","1343","15","1314","25","58","43","0"
"Ashland, WV","402","121","252","247","4","1","90","11","86","0","106","0","4","0","0"
"Aspen, CO","6591","3082","2401","2578","507","42","722","357","245","9","567","4","460","43","0"
"Atlanta, GA","336463","178709","129319","118581","2768","760","43734","3248","28756","182","25118","1218","1268","280","2"
"Atlantic City, NJ","3033","1816","894","983","57","8","199","14","432","1","232","21","28","8","0"
"Augusta, GA","3642","2146","1121","1185","22","1","362","92","274","1","299","3","17","2","0"
"Austin, TX","92813","46875","37523","34870","1174","192","10429","690","8692","91","11865","313","770","89","2"
"Bakersfield, CA","2617","1755","614","713","24","5","265","26","147","0","155","5","19","0","0"
"Baltimore, MD","96271","35023","54113","43549","1022","217","16441","530","10642","138","14727","275","570","176","1"
"Bangor, ME","4715","2881","1124","1386","180","9","281","52","562","1","378","6","113","61","0"
"Barrow, AK","364","138","193","207","10","0","6","13","74","66","74","4","6","0","0"
"Baton Rouge, LA","4337","2700","1165","1267","51","10","293","94","262","2","311","9","35","6","1"
"Beaumont/Port Arthur, TX","727","459","142","205","38","3","68","18","10","1","27","0","38","0","0"
"Belleville, IL","984","522","380","384","8","1","84","21","161","2","165","4","2","2","0"
"Bellingham, WA","2625","1460","857","947","10","5","265","17","157","2","245","3","7","0","0"
"Bemidji, MN","711","538","111","136","16","0","43","33","4","0","0","0","16","0","0"
"Bend/Redmond, OR","5943","3778","1336","1846","39","11","451","98","234","3","229","7","30","2","0"
"Bethel, AK","722","176","460","491","20","0","41","13","137","167","89","1","19","0","0"
"Billings, MT","3481","2296","680","1024","44","5","254","71","316","2","198","14","27","3","0"
"Binghamton, NY","657","403","115","216","25","1","33","14","90","0","34","2","10","13","0"
"Birmingham, AL","15928","9343","5079","4947","172","50","1289","232","1066","8","1557","44","94","34","0"
"Bishop, CA","257","150","85","69","14","2","15","4","7","0","24","3","9","2","0"
"Bismarck/Mandan, ND","3497","2141","983","1014","54","5","335","79","164","11","116","4","48","2","0"
"Bloomington/Normal, IL","1782","1109","472","535","14","3","156","50","113","3","91","3","10","1","0"
"Boise, ID","21134","13057","5444","6584","126","34","1527","157","1226","7","1445","46","67","13","0"
"Boston, MA","140517","72447","52485","50054","2534","428","19308","1216","16919","121","13842","833","1018","681","2"
"Bozeman, MT","9542","5274","3117","3402","87","35","834","102","1096","3","1056","45","39","2","1"
"Brainerd, MN","622","474","96","123","11","1","37","28","4","0","0","0","11","0","0"
"Bristol/Johnson City/Kingsport, TN","2755","1959","560","617","22","2","171","46","167","3","160","1","19","2","0"
"Brownsville, TX","1345","945","290","293","33","8","55","26","48","7","96","13","15","5","0"
"Brunswick, GA","728","549","119","166","3","0","43","8","45","0","48","1","2","0","0"
"Buffalo, NY","20846","11381","7257","6969","445","48","2028","134","2214","10","2340","103","212","130","0"
"Burbank, CA","29757","16467","10481","9906","515","81","2053","154","2267","10","3352","181","265","69","0"
"Burlington, VT","7812","4797","1891","2365","209","19","525","139","850","2","610","33","131","45","0"
"Butte, MT","674","605","42","50","8","0","18","8","2","0","0","0","8","0","0"
"Casper, WY","1368","771","362","459","45","3","144","27","28","0","55","0","41","4","0"
"Cedar City, UT","621","501","69","95","5","3","25","16","1","0","0","0","5","0","0"
"Cedar Rapids/Iowa City, IA","7057","4074","2075","2354","98","7","612","87","634","9","504","18","72","8","0"
"Champaign/Urbana, IL","1409","953","285","347","25","2","70","17","99","0","78","0","22","3","0"
"Charleston, SC","24619","13987","7978","7986","378","58","2077","172","2262","13","2671","114","186","76","2"
"Charleston/Dunbar, WV","3478","2031","985","1163","50","6","355","80","238","4","218","5","42","3","0"
"Charlotte Amalie, VI","4688","2378","1708","1887","29","68","467","68","756","6","703","26","2","1","0"
"Charlotte, NC","195100","99382","73779","77009","1781","449","25363","3126","21815","682","23948","357","1192","192","40"
"Charlottesville, VA","2900","1889","621","748","74","4","127","28","290","1","178","7","22","45","0"
"Chattanooga, TN","5825","3661","1621","1706","45","9","416","114","390","7","494","11","27","7","0"
"Cheyenne, WY","368","268","72","74","13","1","26","13","13","1","13","0","7","6","0"
"Chicago, IL","343963","164974","140624","135230","4355","842","44597","4347","36269","202","37411","995","2856","497","7"
"Christiansted, VI","1106","603","364","416","6","7","118","7","187","5","170","4","2","0","0"
"Cincinnati, OH","39702","23135","11994","12727","548","84","3243","465","3860","31","3222","156","241","151","0"
"Clarksburg/Fairmont, WV","211","99","95","97","1","0","33","5","43","2","42","0","0","1","0"
"Cleveland, OH","41660","24564","12729","12873","680","74","3850","232","3920","34","3819","194","316","168","2"
"Cody, WY","35","20","12","11","2","0","3","1","1","0","1","0","2","0","0"
"College Station/Bryan, TX","1085","718","232","303","25","2","76","27","61","2","62","0","25","0","0"
"Colorado Springs, CO","11582","6320","3808","4085","161","28","1061","155","839","2","999","15","137","9","0"
"Columbia, MO","1419","812","436","451","11","5","129","44","106","2","73","0","10","1","0"
"Columbia, SC","6114","3974","1417","1673","91","13","434","79","368","3","430","17","48","26","0"
"Columbus, GA","957","650","237","228","6","0","63","10","32","0","45","0","5","1","0"
"Columbus, MS","803","639","135","114","4","0","18","7","30","0","42","1","2","1","0"
"Columbus, OH","42362","25682","11982","12706","575","95","3063","282","3766","17","3380","160","264","149","2"
"Concord, NC","764","309","394","383","13","1","115","10","154","0","217","3","7","3","0"
"Cordova, AK","724","434","224","233","18","15","31","2","69","3","76","4","14","0","0"
"Corpus Christi, TX","3727","2717","737","769","42","6","107","57","156","1","211","8","29","5","0"
"Dallas, TX","74757","31364","38412","29400","1124","168","9260","596","6371","58","10409","148","895","80","1"
"Dallas/Fort Worth, TX","285244","143817","110042","113127","4414","809","41284","6183","31694","344","35680","514","3699","173","28"
"Dayton, OH","7061","4804","1450","1867","65","18","479","53","481","3","458","4","42","19","0"
"Daytona Beach, FL","2825","1791","807","790","31","9","195","48","162","0","273","13","18","0","0"
"Deadhorse, AK","415","330","52","70","10","1","2","0","24","0","30","0","10","0","0"
"Decatur, IL","986","678","226","257","19","3","62","7","11","0","101","1","16","2","0"
"Del Rio, TX","184","132","38","43","6","0","6","6","0","0","14","0","6","0","0"
"Denver, CO","288985","118400","145841","124978","4026","759","48350","3128","29322","193","39533","1159","2522","344","1"
"Des Moines, IA","14614","8475","4470","4891","146","29","1387","113","1428","30","1255","44","82","20","0"
"Detroit, MI","126072","75592","38828","36867","1476","248","12886","1223","9449","62","7043","466","782","226","2"
"Devils Lake, ND","674","448","134","162","41","4","36","11","28","0","33","0","27","14","0"
"Dickinson, ND","636","454","100","143","26","4","46","8","14","0","24","0","24","2","0"
"Dillingham, AK","145","85","45","54","4","0","19","1","18","1","12","0","4","0","0"
"Dodge City, KS","622","410","134","171","24","3","46","8","15","0","36","0","19","5","0"
"Dothan, AL","729","575","116","114","2","1","12","6","28","0","52","0","1","1","0"
"Duluth, MN","1892","1252","426","513","32","2","154","43","43","0","61","2","28","2","0"
"Durango, CO","3429","2099","841","1097","60","8","333","80","162","4","166","7","45","8","0"
"Eagle, CO","2994","1512","1060","1208","61","35","377","61","259","3","320","7","51","3","0"
"El Paso, TX","17023","9857","5738","5313","148","46","1269","107","1087","5","1850","24","114","10","0"
"Elko, NV","366","295","47","58","1","0","15","12","2","0","0","0","1","0","0"
"Elmira/Corning, NY","992","696","239","222","4","3","79","29","38","3","31","0","4","0","0"
"Erie, PA","222","130","37","86","1","1","29","0","2","0","10","0","1","0","0"
"Escanaba, MI","695","521","125","139","12","4","69","24","5","2","0","0","12","0","0"
"Eugene, OR","7443","4189","2414","2591","36","12","703","55","560","5","615","21","14","1","0"
"Evansville, IN","1903","1304","402","501","10","7","109","47","163","0","125","2","7","1","0"
"Everett, WA","746","398","231","284","5","3","50","5","87","0","47","3","2","0","0"
"Fairbanks, AK","3049","1722","820","1088","18","0","199","8","346","3","205","11","7","0","0"
"Fargo, ND","6278","3927","1671","1755","125","7","511","176","393","1","320","13","109","3","0"
"Fayetteville, AR","11634","7023","3118","3863","103","29","922","284","972","5","980","11","71","21","0"
"Fayetteville, NC","1345","831","397","363","17","4","104","17","76","2","68","5","10","2","0"
"Flagstaff, AZ","1654","1226","258","329","51","4","107","26","30","0","43","1","50","0","0"
"Flint, MI","2071","1149","530","842","16","2","224","28","292","1","139","0","15","1","0"
"Fort Dodge, IA","622","441","135","140","15","3","34","9","8","0","41","2","11","2","0"
"Fort Lauderdale, FL","89835","35289","46573","41638","1647","255","16842","2394","15907","1231","14189","506","852","287","2"
"Fort Myers, FL","33070","19351","10713","10598","462","84","2939","288","3071","6","4171","212","186","63","1"
"Fort Smith, AR","1074","637","233","382","22","2","89","29","92","0","67","1","20","1","0"
"Fort Wayne, IN","4261","2430","1425","1397","30","6","512","70","263","4","242","4","24","2","0"
"Fresno, CA","11164","6773","3286","3463","66","20","922","68","672","15","888","25","36","5","0"
"Gainesville, FL","2831","1848","759","788","22","3","214","62","187","1","248","4","18","0","0"
"Garden City, KS","725","469","147","204","24","1","71","20","29","0","19","0","24","0","0"
"Gillette, WY","640","452","127","146","13","3","39","11","20","1","24","0","12","1","0"
"Grand Forks, ND","1286","914","272","269","28","2","75","42","48","0","41","1","24","3","0"
"Grand Island, NE","937","511","313","343","19","3","139","29","59","5","62","1","18","0","0"
"Grand Junction, CO","3155","1920","800","1045","45","7","254","55","245","2","199","9","33","3","0"
"Grand Rapids, MI","16558","10224","4419","4908","227","34","1167","190","1484","5","1248","50","137","39","1"
"Great Falls, MT","2582","1733","522","703","15","12","169","50","114","0","108","4","11","0","0"
"Green Bay, WI","3918","2813","687","928","41","3","278","54","187","0","125","8","32","1","0"
"Greensboro/High Point, NC","10924","7346","2360","2754","180","13","618","125","848","1","680","26","93","61","0"
"Greenville, NC","114","69","33","35","1","0","8","2","8","0","11","0","1","0","0"
"Greer, SC","13457","8686","3269","3606","160","28","800","89","885","14","862","21","90","49","0"
"Guam, TT","757","500","195","154","17","0","48","1","22","0","4","1","14","2","0"
"Gulfport/Biloxi, MS","2909","1985","604","735","27","8","144","47","192","1","170","7","17","3","0"
"Gunnison, CO","725","425","158","243","31","1","70","9","27","0","47","1","30","0","0"
"Gustavus, AK","75","53","17","18","0","0","6","0","6","0","4","0","0","0","0"
"Hagerstown, MD","215","89","121","97","2","0","28","3","31","3","45","1","1","0","0"
"Hancock/Houghton, MI","705","406","190","238","43","0","81","23","7","0","45","0","41","2","0"
"Harlingen/San Benito, TX","3780","2497","985","911","45","8","192","20","182","1","288","6","25","14","0"
"Harrisburg, PA","5568","3465","1518","1621","73","14","419","49","466","5","451","9","48","15","1"
"Hartford, CT","21658","11340","7725","7770","269","49","2321","171","2726","11","2373","92","154","23","0"
"Hattiesburg/Laurel, MS","623","466","113","133","5","1","34","11","6","0","34","0","4","1","0"
"Hayden, CO","2354","1138","813","969","62","3","306","59","277","0","304","7","52","3","0"
"Hays, KS","727","468","173","237","9","1","54","9","21","0","66","0","8","1","0"
"Helena, MT","1462","1052","204","351","11","5","90","17","25","0","26","0","9","2","0"
"Hibbing, MN","703","582","92","94","9","0","38","20","7","0","0","0","9","0","0"
"Hilo, HI","7225","3885","2211","3060","70","3","667","52","330","37","885","66","4","0","0"
"Hilton Head, SC","1802","1038","530","607","36","16","113","29","169","5","216","4","18","14","0"
"Honolulu, HI","61768","27790","27642","26856","620","67","8481","326","2434","113","6255","580","36","4","0"
"Houston, TX","167092","79833","72801","63970","1620","407","21787","1479","15875","115","18065","615","821","184","0"
"Huntsville, AL","7886","4745","2193","2492","76","19","707","92","444","4","542","16","50","10","0"
"Hyannis, MA","208","105","80","69","16","0","22","2","26","0","36","3","3","10","0"
"Idaho Falls, ID","3220","2076","754","981","33","16","300","83","161","2","201","2","28","3","0"
"Indianapolis, IN","44962","26222","13440","14198","606","98","3352","366","4245","24","3703","122","298","186","0"
"International Falls, MN","622","499","101","94","6","0","37","22","5","0","0","0","6","0","0"
"Iron Mountain/Kingsfd, MI","726","527","143","166","15","0","70","35","6","1","0","0","15","0","0"
"Islip, NY","4698","2304","1987","1703","75","15","495","41","559","2","672","38","35","2","0"
"Ithaca/Cortland, NY","735","433","120","258","25","1","30","10","79","0","39","1","11","13","0"
"Jackson, WY","5212","2635","1894","2026","67","42","578","135","635","0","497","27","38","2","0"
"Jackson/Vicksburg, MS","7248","4974","1792","1679","51","10","396","87","343","3","488","15","32","3","1"
"Jacksonville, FL","28463","15561","10145","9913","405","75","2869","416","2604","14","3643","132","197","75","1"
"Jacksonville/Camp Lejeune, NC","1158","788","279","255","15","1","78","15","60","1","60","3","11","1","0"
"Jamestown, ND","674","492","112","134","22","10","35","7","10","0","25","0","19","3","0"
"Johnstown, PA","726","503","141","185","12","1","70","8","7","0","30","1","10","1","0"
"Joplin, MO","622","453","138","122","7","4","55","10","10","0","13","0","6","1","0"
"Juneau, AK","4707","3108","1032","1334","96","20","219","31","357","3","310","30","66","0","0"
"Kahului, HI","30045","14604","12227","12552","340","46","4115","203","1813","19","4113","308","13","18","1"
"Kalamazoo, MI","864","663","136","169","6","0","58","7","43","0","29","1","5","0","0"
"Kalispell, MT","3509","2099","971","1160","22","5","287","42","301","2","258","13","8","1","0"
"Kansas City, MO","48452","24959","18606","17376","522","115","4368","409","4517","68","5456","162","273","86","1"
"Ketchikan, AK","2489","1567","682","778","42","9","102","19","171","15","223","15","27","0","0"
"Key West, FL","6897","3718","2519","2491","70","87","785","110","684","14","946","10","40","18","2"
"Killeen, TX","1582","1002","417","468","28","1","135","32","95","5","147","0","26","2","0"
"King Salmon, AK","215","140","58","68","2","0","3","0","25","22","17","2","0","0","0"
"Knoxville, TN","13953","9083","3395","3947","132","47","1035","165","1031","4","1131","18","75","39","0"
"Kodiak, AK","790","508","206","216","27","0","36","16","56","8","47","3","24","0","0"
"Kona, HI","17305","9131","6070","6608","140","16","1675","83","1016","9","1916","131","5","4","0"
"Kotzebue, AK","527","385","89","104","32","0","5","1","23","1","38","2","27","3","0"
"La Crosse, WI","431","309","74","100","6","0","17","12","31","0","23","0","5","1","0"
"Lafayette, LA","2926","1885","784","803","34","4","201","114","134","14","188","2","31","1","0"
"Lake Charles, LA","1068","734","197","282","27","3","62","18","32","0","61","0","25","1","1"
"Lansing, MI","1304","924","258","292","27","1","78","14","79","0","77","3","22","2","0"
"Laramie, WY","624","397","123","187","25","1","48","15","21","0","37","0","21","4","0"
"Laredo, TX","1323","918","306","316","16","3","83","12","47","0","90","4","12","0","0"
"Las Vegas, NV","190877","79435","92527","86503","2260","411","29723","1226","26694","187","30207","792","990","474","4"
"Latrobe, PA","557","290","178","226","15","3","22","4","111","1","76","5","10","0","0"
"Lawton/Fort Sill, OK","1003","691","199","262","23","0","74","34","33","0","48","2","21","0","0"
"Lewiston, ID","814","504","231","221","7","13","49","33","24","0","26","0","5","2","0"
"Lexington, KY","7925","5001","2011","2303","81","18","541","123","523","18","580","13","59","9","0"
"Liberal, KS","622","453","128","126","15","2","29","7","7","0","35","1","13","1","0"
"Lihue, HI","16149","8227","5808","6688","157","24","1790","141","1095","52","1994","145","9","3","0"
"Lincoln, NE","866","530","229","281","6","3","83","10","16","1","45","0","5","1","0"
"Little Rock, AR","11657","6816","3534","3890","111","26","834","364","791","10","1032","23","71","17","0"
"Long Beach, CA","16502","7933","7478","5851","137","25","1645","60","1054","11","1973","51","70","16","0"
"Longview, TX","723","490","151","203","14","0","61","20","20","2","33","0","14","0","0"
"Los Angeles, CA","194353","103318","71204","66607","1573","520","21573","646","16756","137","16929","846","566","156","5"
"Louisville, KY","23376","14442","6420","6894","298","52","1757","249","2053","28","1671","68","158","72","0"
"Lubbock, TX","5733","3640","1561","1594","73","9","305","85","370","9","498","10","58","4","1"
"Madison, WI","10508","6923","2536","2774","138","20","796","140","698","4","673","42","77","18","1"
"Manchester, NH","6275","3728","1866","1849","139","16","424","31","623","15","562","20","111","8","0"
"Manhattan/Ft. Riley, KS","840","578","156","201","13","0","31","15","60","0","39","2","9","2","0"
"Marquette, MI","612","428","128","147","21","0","30","12","44","0","65","0","18","3","0"
"Martha's Vineyard, MA","1158","556","465","448","62","8","136","29","150","3","222","16","21","25","0"
"Mason City, IA","622","425","134","160","20","0","50","6","13","0","41","0","11","9","0"
"Medford, OR","4708","3088","983","1379","21","16","339","82","215","0","216","9","12","0","0"
"Melbourne, FL","2697","1882","602","648","24","4","140","41","177","4","227","6","16","2","0"
"Memphis, TN","23067","13148","7442","7426","341","58","2135","290","2007","23","1875","93","195","53","0"
"Meridian, MS","683","509","141","142","6","1","50","7","4","0","42","0","6","0","0"
"Miami, FL","102535","46627","44430","44001","1064","282","15654","2609","15551","289","14013","269","635","154","6"
"Midland/Odessa, TX","7897","5319","1916","2004","89","20","431","76","385","10","557","16","62","11","0"
"Milwaukee, WI","26166","15165","8185","8073","407","57","2218","215","2071","16","2280","75","271","61","0"
"Minneapolis, MN","122019","73750","36111","34705","1465","275","11472","1278","8551","34","5721","390","984","90","1"
"Minot, ND","2027","1225","592","586","30","11","187","67","74","6","59","0","29","1","0"
"Mission/McAllen/Edinburg, TX","3014","1880","815","949","41","7","224","40","262","1","312","6","29","6","0"
"Missoula, MT","3830","2152","1210","1371","22","9","364","80","348","3","286","5","15","2","0"
"Moab, UT","638","445","111","154","11","4","31","11","18","0","19","0","10","1","0"
"Mobile, AL","2557","1698","616","658","23","6","180","57","129","0","128","4","15","4","0"
"Moline, IL","3239","2189","725","797","38","7","231","69","180","1","140","1","35","2","0"
"Monroe, LA","1813","1263","364","442","28","1","108","19","79","0","94","2","24","2","0"
"Monterey, CA","3962","2510","1025","1205","38","6","300","47","176","0","342","2","33","3","0"
"Montgomery, AL","2330","1290","815","719","33","2","227","52","154","3","158","2","27","4","0"
"Montrose/Delta, CO","2691","1403","938","991","45","12","281","16","206","1","310","4","35","5","1"
"Mosinee, WI","985","730","177","198","13","0","54","10","58","0","52","3","9","1","0"
"Myrtle Beach, SC","14433","9301","3767","4082","232","34","758","90","1292","8","1418","61","140","31","0"
"Nantucket, MA","1616","839","567","595","95","4","160","16","230","12","289","20","41","34","0"
"Nashville, TN","96489","47971","39120","35803","1133","204","9974","738","9371","66","11825","320","619","193","1"
"New Bern/Morehead/Beaufort, NC","98","72","21","20","0","0","4","1","6","0","5","0","0","0","0"
"New Orleans, LA","49619","25175","20281","17812","531","119","5018","433","4575","44","6435","190","269","69","3"
"New York, NY","296774","165382","98400","92357","7542","811","33847","1966","31006","197","28047","1765","2576","3192","9"
"Newark, NJ","138578","68636","54477","49217","3837","343","20537","1112","16746","131","14219","719","2449","662","7"
"Newburgh/Poughkeepsie, NY","480","197","239","212","11","2","57","20","89","0","89","7","4","0","0"
"Newport News/Williamsburg, VA","2","0","2","1","0","0","0","0","0","0","0","0","0","0","0"
"Niagara Falls, NY","337","135","174","153","3","3","29","5","81","0","48","0","3","0","0"
"Nome, AK","538","344","137","146","26","9","17","4","31","4","53","1","25","0","0"
"Norfolk, VA","21209","12107","6506","6931","467","35","1702","247","2094","10","2049","83","242","142","0"
"North Bend/Coos Bay, OR","356","166","129","157","5","2","38","4","14","1","34","0","4","1","0"
"North Platte, NE","683","433","107","193","42","1","49","10","18","0","35","0","35","7","0"
"Oakland, CA","45955","21638","21029","17826","398","59","5367","116","3390","54","5875","184","166","48","0"
"Oklahoma City, OK","21312","12458","6329","6996","187","64","1671","219","1427","14","1861","29","126","32","0"
"Omaha, NE","22578","13073","7227","7097","218","51","1790","239","1702","9","1870","61","135","22","0"
"Ontario, CA","24324","13349","8978","7820","274","42","2104","65","1687","5","2676","113","141","20","0"
"Orlando, FL","164369","70217","77012","74893","2139","384","27170","4090","26711","578","23673","822","989","324","4"
"Owensboro, KY","43","19","20","22","0","1","7","2","9","0","6","0","0","0","0"
"Pago Pago, TT","124","48","63","68","0","0","23","4","0","1","25","0","0","0","0"
"Palm Springs, CA","13903","8458","4012","4214","119","46","1011","69","949","6","1100","28","68","22","1"
"Panama City, FL","6722","3886","2294","2186","42","14","514","90","485","14","821","13","25","4","0"
"Pasco/Kennewick/Richland, WA","5365","3464","1117","1667","20","13","393","89","222","6","208","3","17","0","0"
"Pellston, MI","737","513","183","172","12","2","75","37","6","0","0","0","12","0","0"
"Pensacola, FL","11445","6790","3740","3634","149","28","978","146","951","46","1359","45","89","14","1"
"Peoria, IL","3278","1931","952","1109","32","9","253","56","320","2","309","7","21","4","0"
"Petersburg, AK","724","476","195","209","19","4","28","5","59","1","84","4","15","0","0"
"Philadelphia, PA","90071","49749","29588","30961","1167","210","10011","730","10374","80","8742","326","646","192","3"
"Phoenix, AZ","182142","93302","73632","65167","1173","422","20205","586","13259","201","20273","379","683","100","11"
"Pittsburgh, PA","42130","25854","11659","12246","565","72","3014","294","3687","31","3092","130","287","146","2"
"Plattsburgh, NY","393","157","198","183","4","2","44","6","103","0","69","0","3","1","0"
"Pocatello, ID","483","403","33","70","0","0","15","5","6","0","0","0","0","0","0"
"Ponce, PR","1096","470","467","539","30","1","122","4","240","8","264","14","6","10","0"
"Portland, ME","10972","6153","3346","3498","281","16","961","116","1116","3","875","45","136","100","0"
"Portland, OR","58682","33725","17487","19536","565","113","4303","299","4329","39","4262","244","289","31","1"
"Portsmouth, NH","331","150","144","152","1","0","47","6","61","0","58","0","0","1","0"
"Prescott, AZ","723","419","192","272","8","3","84","13","22","0","49","0","7","1","0"
"Providence, RI","14373","7920","4868","4731","231","42","1255","96","1561","8","1560","52","133","46","0"
"Provo, UT","2028","806","709","1116","29","5","295","48","499","4","167","4","7","18","0"
"Pueblo, CO","27","13","6","11","2","0","2","0","0","0","1","0","2","0","0"
"Punta Gorda, FL","5951","3278","2096","2333","32","14","684","188","831","7","723","9","17","6","0"
"Raleigh/Durham, NC","59416","32470","20179","20242","897","128","5620","428","6163","29","6258","273","378","243","3"
"Rapid City, SD","4109","2368","1200","1308","90","11","383","76","282","6","266","7","82","1","0"
"Redding, CA","1510","1027","316","414","10","3","100","11","47","0","64","0","7","3","0"
"Reno, NV","19696","10949","6819","6884","219","54","1820","192","1800","13","2250","59","128","31","1"
"Rhinelander, WI","725","599","106","87","9","0","36","15","1","0","0","0","9","0","0"
"Richmond, VA","18776","10583","5975","6332","306","39","1860","94","2002","21","1677","87","120","96","3"
"Riverton/Lander, WY","434","316","58","102","8","3","33","4","8","0","11","0","8","0","0"
"Roanoke, VA","2780","1683","805","826","46","2","218","29","189","0","214","7","22","17","0"
"Rochester, MN","1279","878","255","316","30","2","82","31","86","1","63","12","15","3","0"
"Rochester, NY","13052","7636","3969","4003","232","21","1018","86","1250","6","1098","41","125","66","0"
"Rock Springs, WY","433","329","50","76","12","3","18","7","8","0","7","0","11","1","0"
"Rockford, IL","722","348","313","286","5","1","77","14","107","1","106","0","5","0","0"
"Roswell, NM","852","568","178","237","9","2","102","11","16","1","20","0","9","0","0"
"Sacramento, CA","52940","28545","19938","18052","426","86","4429","155","3231","61","5386","140","221","65","0"
"Saginaw/Bay City/Midland, MI","1606","1027","348","506","19","1","147","21","57","0","82","1","16","2","0"
"Saipan, TT","392","334","41","46","7","0","15","0","16","0","11","0","5","2","0"
"Salina, KS","727","468","187","221","10","6","52","9","12","0","67","1","8","1","0"
"Salt Lake City, UT","109277","62319","35336","35286","817","291","10921","1223","8011","27","7176","433","334","49","1"
"San Angelo, TX","1123","760","250","290","26","1","66","26","40","4","71","0","25","1","0"
"San Antonio, TX","39534","22199","13450","13005","377","70","3108","272","3305","26","3978","149","201","26","1"
"San Diego, CA","90955","46538","34616","33621","907","326","7759","562","8713","96","10826","354","435","117","1"
"San Francisco, CA","135705","68911","51270","50524","1459","321","15330","627","11633","41","12783","700","568","191","0"
"San Jose, CA","52028","29008","18495","17141","415","84","4295","90","3130","40","5184","179","181","55","0"
"San Juan, PR","32584","14979","13859","14219","377","135","5529","135","4814","63","5458","200","141","36","0"
"San Luis Obispo, CA","4847","2801","1398","1758","47","14","533","66","308","11","425","6","32","8","1"
"Sanford, FL","9102","4826","3362","3719","40","29","1218","300","1259","19","1179","8","25","7","0"
"Santa Ana, CA","44898","23344","17409","15599","552","136","4092","160","3511","18","5276","241","245","65","1"
"Santa Barbara, CA","7201","4232","2273","2281","113","14","563","61","571","1","675","23","76","14","0"
"Santa Fe, NM","1781","1120","399","587","25","4","147","50","84","4","119","0","23","2","0"
"Santa Maria, CA","107","25","67","79","1","0","16","3","36","0","38","0","1","0","0"
"Santa Rosa, CA","3382","1801","987","1406","16","4","215","37","152","2","369","6","9","1","0"
"Sarasota/Bradenton, FL","15607","8857","5396","5170","174","40","1377","104","1466","7","2091","63","84","25","2"
"Sault Ste. Marie, MI","725","520","169","165","14","1","81","33","7","1","0","0","14","0","0"
"Savannah, GA","17457","9645","6208","5774","257","49","1735","200","1479","11","1916","64","134","58","1"
"Scottsbluff, NE","607","398","87","168","20","1","34","5","9","0","22","0","16","4","0"
"Scranton/Wilkes-Barre, PA","2043","1265","517","643","27","7","183","24","116","0","166","4","18","5","0"
"Seattle, WA","163812","80066","60844","65318","986","385","16319","1219","17475","239","11257","608","349","27","2"
"Sheridan, WY","641","422","101","197","7","4","51","14","10","0","23","0","5","2","0"
"Shreveport, LA","3799","2113","1241","1348","47","10","426","117","285","10","329","4","32","10","1"
"Sioux City, IA","726","465","199","189","8","6","88","5","11","0","25","0","7","1","0"
"Sioux Falls, SD","6825","3907","2100","2242","108","9","603","172","567","3","489","22","80","6","0"
"Sitka, AK","1403","962","297","373","22","13","50","11","83","3","92","6","16","0","0"
"South Bend, IN","5819","3442","1749","1800","57","15","641","66","319","3","313","3","50","4","0"
"Spokane, WA","16556","9958","4833","5123","99","22","1076","216","1013","9","1121","52","44","3","0"
"Springfield, IL","401","207","163","144","9","1","58","9","43","0","22","0","9","0","0"
"Springfield, MO","7325","4093","2445","2547","53","16","707","200","634","9","629","15","32","6","0"
"St. Cloud, MN","118","57","39","41","3","0","3","1","17","0","6","0","2","1","0"
"St. George, UT","2616","1808","541","689","8","6","228","50","61","3","63","0","7","1","0"
"St. Louis, MO","61885","29303","27615","24241","574","121","6891","417","5618","52","8098","153","319","99","3"
"St. Petersburg, FL","7705","4752","2293","2533","29","21","589","273","766","8","750","4","15","10","0"
"State College, PA","1276","816","277","386","17","3","102","15","45","0","75","0","14","2","1"
"Stillwater, OK","725","533","101","164","15","1","79","10","8","1","9","0","15","0","0"
"Stockton, CA","536","111","370","403","3","0","110","14","188","8","203","0","2","1","0"
"Sun Valley/Hailey/Ketchum, ID","1680","1165","295","445","28","7","107","43","53","0","51","0","27","1","0"
"Syracuse, NY","13294","7644","4129","4197","257","18","1176","115","1285","5","1181","52","134","71","0"
"Tallahassee, FL","4925","3239","1232","1333","59","8","359","75","334","6","353","8","43","8","0"
"Tampa, FL","78663","41016","30603","27546","1188","172","8576","594","7438","33","9860","336","682","167","3"
"Texarkana, AR","1067","694","228","325","22","0","94","33","36","1","67","0","22","0","0"
"Toledo, OH","393","176","177","176","0","1","56","6","70","0","65","0","0","0","0"
"Traverse City, MI","3947","2324","1173","1304","56","11","359","79","408","2","319","15","35","6","0"
"Trenton, NJ","2253","1195","812","818","83","8","182","8","270","0","361","39","44","0","0"
"Tucson, AZ","16729","10299","4873","4905","97","35","1173","113","873","3","1345","21","69","6","1"
"Tulsa, OK","16219","9996","4399","4811","155","36","989","189","1029","4","1294","23","110","22","0"
"Twin Falls, ID","489","431","26","53","2","0","17","11","6","0","0","0","2","0","0"
"Tyler, TX","1061","554","287","441","25","0","121","20","42","0","68","0","25","0","0"
"Valdosta, GA","819","595","151","181","2","0","31","4","46","0","36","0","2","0","0"
"Valparaiso, FL","9068","5420","2818","2816","83","36","712","196","734","15","958","32","46","5","0"
"Vernal, UT","621","415","122","169","28","1","37","15","20","0","36","0","26","2","0"
"Victoria, TX","629","506","100","88","6","0","29","9","5","0","23","0","6","0","0"
"Waco, TX","1068","662","272","344","22","0","115","28","24","4","68","0","22","0","0"
"Walla Walla, WA","343","199","70","116","13","1","12","1","12","0","25","0","12","1","0"
"Washington, DC","189820","110289","59077","58872","2690","454","17558","1609","17460","163","16186","664","1454","559","13"
"Waterloo, IA","75","45","20","23","4","0","4","0","3","0","12","0","3","1","0"
"West Palm Beach/Palm Beach, FL","27095","13959","10489","10163","406","94","3585","332","3078","16","4356","183","142","78","3"
"West Yellowstone, MT","294","244","32","40","3","1","13","8","0","0","1","0","3","0","0"
"White Plains, NY","12915","7278","4368","4231","191","43","1557","230","1206","49","1083","57","113","21","0"
"Wichita Falls, TX","722","494","138","197","19","0","55","16","18","1","42","0","19","0","0"
"Wichita, KS","8595","5460","2215","2546","82","7","603","99","587","3","741","18","56","7","1"
"Williston, ND","1687","961","503","545","43","7","225","54","36","6","47","1","40","2","0"
"Wilmington, NC","7457","4967","1581","1948","161","19","341","107","525","4","551","16","82","62","1"
"Worcester, MA","1492","744","500","605","50","8","200","10","254","3","226","8","24","18","0"
"Wrangell, AK","724","491","175","190","16","8","19","8","49","0","83","5","11","0","0"
"Yakutat, AK","724","460","196","191","33","10","28","5","66","1","75","11","20","2","0"
"Yuma, AZ","1623","1108","391","371","13","8","117","15","40","2","70","1","12","0","0"
